2023-02-05 06:52:05.458 GMT+05:30 ,3313,3313, E , SpayFw_AuthFrameworkService , onConfigurationChanged
2023-02-05 08:29:28.606 GMT+05:30 ,3313,3313, E , SpayFw_AuthFrameworkService , onConfigurationChanged
2023-02-05 12:05:29.052 GMT+05:30 ,3313,3457, I , SpayFw_TokenRepersoProcessor , restart
2023-02-05 12:05:29.053 GMT+05:30 ,3313,3457, I , SpayFw_TokenChangeChecker , restart
2023-02-05 12:21:30.825 GMT+05:30 ,3313,3313, I , SpayFw_PackageStateReceiver , PackageName : com.instagram.android
2023-02-05 12:21:30.828 GMT+05:30 ,3313,3313, I , SpayFw_PackageStateReceiver , Data Removed : false
2023-02-05 12:22:21.503 GMT+05:30 ,3313,3313, I , SpayFw_PackageStateReceiver , PackageName : com.instagram.android
2023-02-05 12:22:21.504 GMT+05:30 ,3313,3313, I , SpayFw_PackageStateReceiver , Data Removed : false
2023-02-05 13:21:11.071 GMT+05:30 ,3313,3457, I , SpayFw_TokenRepersoProcessor , restart
2023-02-05 13:21:11.073 GMT+05:30 ,3313,3457, I , SpayFw_TokenChangeChecker , restart
2023-02-05 13:33:13.394 GMT+05:30 ,3313,3457, I , SpayFw_TokenRepersoProcessor , restart
2023-02-05 13:33:13.403 GMT+05:30 ,3313,3457, I , SpayFw_TokenChangeChecker , restart
2023-02-05 13:51:44.388 GMT+05:30 ,3313,3457, I , SpayFw_TokenRepersoProcessor , restart
2023-02-05 13:51:44.434 GMT+05:30 ,3313,3457, I , SpayFw_TokenChangeChecker , restart
2023-02-05 13:56:36.511 GMT+05:30 ,3313,3457, I , SpayFw_TokenRepersoProcessor , restart
2023-02-05 13:56:36.542 GMT+05:30 ,3313,3457, I , SpayFw_TokenChangeChecker , restart
2023-02-05 14:13:08.878 GMT+05:30 ,3313,3457, I , SpayFw_TokenRepersoProcessor , restart
2023-02-05 14:13:08.930 GMT+05:30 ,3313,3457, I , SpayFw_TokenChangeChecker , restart
2023-02-05 14:34:03.165 GMT+05:30 ,3313,3457, I , SpayFw_TokenRepersoProcessor , restart
2023-02-05 14:34:03.171 GMT+05:30 ,3313,3457, I , SpayFw_TokenChangeChecker , restart
2023-02-05 14:42:37.040 GMT+05:30 ,3313,3457, I , SpayFw_TokenRepersoProcessor , restart
2023-02-05 14:42:37.084 GMT+05:30 ,3313,3457, I , SpayFw_TokenChangeChecker , restart
2023-02-05 14:45:25.325 GMT+05:30 ,3313,3457, I , SpayFw_TokenRepersoProcessor , restart
2023-02-05 14:45:25.326 GMT+05:30 ,3313,3457, I , SpayFw_TokenChangeChecker , restart
2023-02-05 14:50:00.203 GMT+05:30 ,3313,3457, I , SpayFw_TokenRepersoProcessor , restart
2023-02-05 14:50:00.210 GMT+05:30 ,3313,3457, I , SpayFw_TokenChangeChecker , restart
2023-02-05 14:53:57.183 GMT+05:30 ,3313,3457, I , SpayFw_TokenRepersoProcessor , restart
2023-02-05 14:53:57.184 GMT+05:30 ,3313,3457, I , SpayFw_TokenChangeChecker , restart
2023-02-05 19:11:28.431 GMT+05:30 ,3313,3457, I , SpayFw_TokenRepersoProcessor , restart
2023-02-05 19:11:28.435 GMT+05:30 ,3313,3457, I , SpayFw_TokenChangeChecker , restart
2023-02-05 22:03:38.114 GMT+05:30 ,3313,3328, I , SpayFw_TAController , TA MSG: cncc_pay:23929488
2023-02-05 22:03:38.122 GMT+05:30 ,3313,3328, I , SpayFw_TAController , TA is already loaded
2023-02-05 22:03:38.773 GMT+05:30 ,3313,3328, I , SpayFw_PaymentFrameworkService , Entered method = selectCard
2023-02-05 22:03:38.776 GMT+05:30 ,3313,3328, W , SpayFw_PaymentFrameworkService , Does not support SEAMS so tries with SEAMSPolicy
2023-02-05 22:03:38.783 GMT+05:30 ,3313,3383, W , SpayFw_PaymentFrameworkHandler , handleMessage: PAYFW_OPT_SELECT_CARD
2023-02-05 22:03:38.788 GMT+05:30 ,3313,3383, I , SpayFw_SpayTuiTAController , loadTA()
2023-02-05 22:03:38.896 GMT+05:30 ,3313,3383, I , SpayFw_TAController , No need to load PIN random for TA TA - Technology = tee uuid = 00000000000000000000504159415554
2023-02-05 22:03:38.897 GMT+05:30 ,3313,3383, I , SpayFw_SpayTuiTAController , Calling loadPin()
2023-02-05 22:03:38.905 GMT+05:30 ,3313,3383, I , SpayFw_SpayTuiTAController , loadPin: Existing PIN len=4 ret=0
2023-02-05 22:03:38.905 GMT+05:30 ,3313,3383, I , SpayFw_SpayTuiTAController , Existing PIN len: 4  pin exist: true
2023-02-05 22:03:38.905 GMT+05:30 ,3313,3383, I , SpayFw_SpayTuiTAController , TUI MSG:  pay_auth:24530960
2023-02-05 22:03:38.907 GMT+05:30 ,3313,3383, I , SpayFw_TAController , TA is already loaded
2023-02-05 22:03:38.909 GMT+05:30 ,3313,3383, I , SpayFw_SpayTuiTAController , Ta is already loaded
2023-02-05 22:03:38.917 GMT+05:30 ,3313,3383, E , SpayFw_Utils , isReadable /sys/class/mstldo/mst_drv/support exists: false
2023-02-05 22:03:38.917 GMT+05:30 ,3313,3383, E , SpayFw_Utils , readFromFile Failed isReadable : /sys/class/mstldo/mst_drv/support
2023-02-05 22:03:38.917 GMT+05:30 ,3313,3383, I , SpayFw_StateMachine , state has changed from NPAY_READY to NPAY_SELECTED
2023-02-05 22:03:39.246 GMT+05:30 ,3313,3328, I , SpayFw_PaymentFrameworkService , Entered method = getConfig
2023-02-05 22:03:39.247 GMT+05:30 ,3313,3328, W , SpayFw_PaymentFrameworkService , Does not support SEAMS so tries with SEAMSPolicy
2023-02-05 22:03:39.255 GMT+05:30 ,3313,3328, I , SpayFw_PaymentFrameworkService , Entered method = updateBinAttribute
2023-02-05 22:03:39.256 GMT+05:30 ,3313,3328, W , SpayFw_PaymentFrameworkService , Does not support SEAMS so tries with SEAMSPolicy
2023-02-05 22:03:39.262 GMT+05:30 ,3313,3328, I , SpayFw_BinAttributeManager , needUpdate. [LOCAL] version is empty
2023-02-05 22:03:46.756 GMT+05:30 ,3313,3328, I , SpayFw_PaymentFrameworkService , Entered method = clearCard
2023-02-05 22:03:46.756 GMT+05:30 ,3313,3328, W , SpayFw_PaymentFrameworkService , Does not support SEAMS so tries with SEAMSPolicy
2023-02-05 22:03:46.758 GMT+05:30 ,3313,3383, I , SpayFw_StateMachine , state has changed from NPAY_SELECTED to NPAY_READY
2023-02-05 22:03:46.758 GMT+05:30 ,3313,3383, I , SpayFw_SpayTuiTAController , Calling closeTui
2023-02-05 22:03:46.765 GMT+05:30 ,3313,3383, I , SpayFw_SpayTuiTAController , TUI: unloadTA
2023-02-05 22:03:46.916 GMT+05:30 ,3313,3328, I , SpayFw_PaymentFrameworkService , Entered method = getConfig
2023-02-05 22:03:46.917 GMT+05:30 ,3313,3328, W , SpayFw_PaymentFrameworkService , Does not support SEAMS so tries with SEAMSPolicy
2023-02-05 22:03:46.919 GMT+05:30 ,3313,3328, I , SpayFw_PaymentFrameworkService , Entered method = updateBinAttribute
2023-02-05 22:03:46.920 GMT+05:30 ,3313,3328, W , SpayFw_PaymentFrameworkService , Does not support SEAMS so tries with SEAMSPolicy
2023-02-05 22:03:46.921 GMT+05:30 ,3313,3328, I , SpayFw_BinAttributeManager , needUpdate. [LOCAL] version is empty
2023-02-05 22:03:48.560 GMT+05:30 ,3313,3328, I , SpayFw_PaymentFrameworkService , Entered method = selectCard
2023-02-05 22:03:48.560 GMT+05:30 ,3313,3328, W , SpayFw_PaymentFrameworkService , Does not support SEAMS so tries with SEAMSPolicy
2023-02-05 22:03:48.561 GMT+05:30 ,3313,3383, W , SpayFw_PaymentFrameworkHandler , handleMessage: PAYFW_OPT_SELECT_CARD
2023-02-05 22:03:48.562 GMT+05:30 ,3313,3383, I , SpayFw_SpayTuiTAController , loadTA()
2023-02-05 22:03:48.614 GMT+05:30 ,3313,3383, I , SpayFw_TAController ," No need to lo	ad PIN random for TA TA - Technology = tee uuid = 00000000000000000000504159415554"
2023-02-05 22:03:48.615 GMT+05:30 ,3313,3383, I , SpayFw_SpayTuiTAController , Calling loadPin()
2023-02-05 22:03:48.624 GMT+05:30 ,3313,3383, I , SpayFw_SpayTuiTAController , loadPin: Existing PIN len=4 ret=0
2023-02-05 22:03:48.624 GMT+05:30 ,3313,3383, I , SpayFw_SpayTuiTAController , Existing PIN len: 4  pin exist: true
2023-02-05 22:03:48.624 GMT+05:30 ,3313,3383, I , SpayFw_SpayTuiTAController , TUI MSG:  pay_auth:24530960
2023-02-05 22:03:48.625 GMT+05:30 ,3313,3383, I , SpayFw_TAController , TA is already loaded
2023-02-05 22:03:48.625 GMT+05:30 ,3313,3383, I , SpayFw_SpayTuiTAController , Ta is already loaded
2023-02-05 22:03:48.631 GMT+05:30 ,3313,3383, E , SpayFw_Utils , isReadable /sys/class/mstldo/mst_drv/support exists: false
2023-02-05 22:03:48.631 GMT+05:30 ,3313,3383, E , SpayFw_Utils , readFromFile Failed isReadable : /sys/class/mstldo/mst_drv/support
2023-02-05 22:03:48.632 GMT+05:30 ,3313,3383, I , SpayFw_StateMachine , state has changed from NPAY_READY to NPAY_SELECTED
2023-02-05 22:03:49.624 GMT+05:30 ,3313,3328, I , SpayFw_PaymentFrameworkService , Entered method = clearCard
2023-02-05 22:03:49.624 GMT+05:30 ,3313,3328, W , SpayFw_PaymentFrameworkService , Does not support SEAMS so tries with SEAMSPolicy
2023-02-05 22:03:49.625 GMT+05:30 ,3313,3383, I , SpayFw_StateMachine , state has changed from NPAY_SELECTED to NPAY_READY
2023-02-05 22:03:49.625 GMT+05:30 ,3313,3383, I , SpayFw_SpayTuiTAController , Calling closeTui
2023-02-05 22:03:49.634 GMT+05:30 ,3313,3383, I , SpayFw_SpayTuiTAController , TUI: unloadTA
2023-02-05 22:04:45.184 GMT+05:30 ,3313,3328, I , SpayFw_TAController , TA is already loaded
2023-02-05 22:04:45.214 GMT+05:30 ,3313,3328, I , SpayFw_TAController , TA is already loaded
2023-02-05 22:09:45.236 GMT+05:30 ,3313,14040, I , SpayFw_SPAY:CNCCTAController , CNCC: unloadTA
2023-02-05 23:41:16.097 GMT+05:30 ,3313,3457, I , SpayFw_TokenRepersoProcessor , restart
2023-02-05 23:41:16.099 GMT+05:30 ,3313,3457, I , SpayFw_TokenChangeChecker , restart
2023-02-05 23:41:49.283 GMT+05:30 ,3313,3313, E , SpayFw_AuthFrameworkService , onConfigurationChanged
2023-02-05 23:50:15.104 GMT+05:30 ,3313,3313, E , SpayFw_AuthFrameworkService , onConfigurationChanged
2023-02-05 23:51:16.492 GMT+05:30 ,3313,3313, E , SpayFw_AuthFrameworkService , onConfigurationChanged
2023-02-05 23:53:03.805 GMT+05:30 ,3313,3313, E , SpayFw_AuthFrameworkService , onConfigurationChanged
2023-02-06 00:16:08.449 GMT+05:30 ,3313,3313, E , SpayFw_AuthFrameworkService , onConfigurationChanged
2023-02-06 00:20:03.405 GMT+05:30 ,3313,3313, E , SpayFw_AuthFrameworkService , onConfigurationChanged
2023-02-06 00:21:19.296 GMT+05:30 ,3313,3457, I , SpayFw_TokenRepersoProcessor , restart
2023-02-06 00:21:19.365 GMT+05:30 ,3313,3457, I , SpayFw_TokenChangeChecker , restart
2023-02-06 00:40:29.932 GMT+05:30 ,3313,3313, E , SpayFw_AuthFrameworkService , onConfigurationChanged
2023-02-06 00:50:30.697 GMT+05:30 ,3313,3313, E , SpayFw_AuthFrameworkService , onConfigurationChanged
2023-02-06 01:12:47.945 GMT+05:30 ,3313,3313, E , SpayFw_AuthFrameworkService , onConfigurationChanged
2023-02-06 01:41:02.817 GMT+05:30 ,3313,3313, E , SpayFw_AuthFrameworkService , onConfigurationChanged
2023-02-06 01:41:04.940 GMT+05:30 ,3313,3313, E , SpayFw_AuthFrameworkService , onConfigurationChanged
2023-02-06 01:42:15.589 GMT+05:30 ,3313,3313, E , SpayFw_AuthFrameworkService , onConfigurationChanged
2023-02-06 01:42:32.601 GMT+05:30 ,3313,3313, E , SpayFw_AuthFrameworkService , onConfigurationChanged
2023-02-06 01:43:54.656 GMT+05:30 ,3313,3313, E , SpayFw_AuthFrameworkService , onConfigurationChanged
2023-02-06 01:43:58.405 GMT+05:30 ,3313,3313, E , SpayFw_AuthFrameworkService , onConfigurationChanged
2023-02-06 01:44:24.137 GMT+05:30 ,3313,3313, E , SpayFw_AuthFrameworkService , onConfigurationChanged
2023-02-06 01:44:33.663 GMT+05:30 ,3313,3457, I , SpayFw_TokenRepersoProcessor , restart
2023-02-06 01:44:33.664 GMT+05:30 ,3313,3457, I , SpayFw_TokenChangeChecker , restart
2023-02-06 01:46:40.334 GMT+05:30 ,3313,3313, E , SpayFw_AuthFrameworkService , onConfigurationChanged
2023-02-06 01:58:18.824 GMT+05:30 ,3313,3313, E , SpayFw_AuthFrameworkService , onConfigurationChanged
2023-02-06 01:59:04.042 GMT+05:30 ,3313,3313, E , SpayFw_AuthFrameworkService , onConfigurationChanged
2023-02-06 01:59:21.300 GMT+05:30 ,3313,3313, E , SpayFw_AuthFrameworkService , onConfigurationChanged
2023-02-06 02:02:45.084 GMT+05:30 ,3313,3313, E , SpayFw_AuthFrameworkService , onConfigurationChanged
2023-02-06 02:12:06.779 GMT+05:30 ,3313,3313, E , SpayFw_AuthFrameworkService , onConfigurationChanged
2023-02-06 03:14:25.281 GMT+05:30 ,3313,25607, E , SpayFw_PaymentFrameworkService , DeathRecipient: Error: Wallet App died
2023-02-06 03:14:25.285 GMT+05:30 ,3313,3328, E , SpayFw_AuthFrameworkService , DeathRecipient: Error: Wallet App died
2023-02-06 03:14:25.289 GMT+05:30 ,3313,3328, I , SpayFw_StateMachine , state has changed from NPAY_READY to NPAY_READY
2023-02-06 03:14:25.301 GMT+05:30 ,3313,25607, I , SpayFw_StateMachine , state has changed from NPAY_READY to NPAY_READY
2023-02-06 03:14:25.301 GMT+05:30 ,3313,3328, I , SpayFw_SPAY:AuthFramework , tppUnLoad(): 
2023-02-06 03:14:25.302 GMT+05:30 ,3313,25607, I , SpayFw_StateMachine , state has changed from NPAY_READY to NPAY_READY
2023-02-06 03:14:25.302 GMT+05:30 ,3313,3328, I , SpayFw_SpayTuiTAController , Calling closeTui
2023-02-06 03:14:25.305 GMT+05:30 ,3313,3328, E , SpayFw_TAController , TA has to be loaded before calling executeNoLoad
2023-02-06 03:14:25.307 GMT+05:30 ,3313,3328, E , SpayFw_SpayTuiTAControllerUtils , Error: load_and_execute failed
2023-02-06 03:14:25.307 GMT+05:30 ,3313,3328, I , SpayFw_SpayTuiTAController , TUI: unloadTA
2023-02-06 03:14:25.307 GMT+05:30 ,3313,3328, E , SpayFw_TAController , TA is never loaded. Unload is noop
2023-02-06 03:14:29.926 GMT+05:30 ,3313,3328, I , SpayFw_PaymentFrameworkService , Entered method = pfInitStatus
2023-02-06 03:14:29.931 GMT+05:30 ,3313,3328, W , SpayFw_PaymentFrameworkService , Does not support SEAMS so tries with SEAMSPolicy
2023-02-06 03:14:29.933 GMT+05:30 ,3313,3383, I , SpayFw_PaymentFrameworkHandler , callback ICommonCallback match !
2023-02-06 03:14:29.944 GMT+05:30 ,3313,3328, I , SpayFw_PaymentFrameworkService , Entered method = getAllTokenState
2023-02-06 03:14:29.946 GMT+05:30 ,3313,3328, W , SpayFw_PaymentFrameworkService , Does not support SEAMS so tries with SEAMSPolicy
2023-02-06 03:14:29.975 GMT+05:30 ,3313,3328, I , SpayFw_PaymentFrameworkService , Entered method = getConfig
2023-02-06 03:14:29.976 GMT+05:30 ,3313,3328, W , SpayFw_PaymentFrameworkService , Does not support SEAMS so tries with SEAMSPolicy
2023-02-06 12:09:20.092 GMT+05:30 ,3313,3457, I , SpayFw_TokenRepersoProcessor , restart
2023-02-06 12:09:20.271 GMT+05:30 ,3313,3457, I , SpayFw_TokenChangeChecker , restart
2023-02-06 12:47:24.263 GMT+05:30 ,3313,3328, I , SpayFw_PaymentFrameworkService , Entered method = setConfig
2023-02-06 12:47:24.266 GMT+05:30 ,3313,3328, W , SpayFw_PaymentFrameworkService , Does not support SEAMS so tries with SEAMSPolicy
2023-02-06 12:47:24.381 GMT+05:30 ,3313,3313, I , SpayFw_AuthFrameworkService , startTuiService
2023-02-06 12:47:24.387 GMT+05:30 ,3313,3313, I , SpayFw_AuthFrameworkService , return auth binder
2023-02-06 12:47:24.586 GMT+05:30 ,3313,25607, I , SpayFw_AuthFrameworkService , pfInitStatus
2023-02-06 12:47:24.588 GMT+05:30 ,3313,25607, E , SpayFw_AuthFrameworkService , pfInitStatus: send msg
2023-02-06 12:47:24.597 GMT+05:30 ,3313,3383, I , SpayFw_PaymentFrameworkHandler , callback IAuthCommonCallback match !
2023-02-06 12:47:25.296 GMT+05:30 ,3313,25607, I , SpayFw_PaymentFrameworkService , Entered method = selectCard
2023-02-06 12:47:25.297 GMT+05:30 ,3313,25607, W , SpayFw_PaymentFrameworkService , Does not support SEAMS so tries with SEAMSPolicy
2023-02-06 12:47:25.299 GMT+05:30 ,3313,3383, W , SpayFw_PaymentFrameworkHandler , handleMessage: PAYFW_OPT_SELECT_CARD
2023-02-06 12:47:25.301 GMT+05:30 ,3313,3383, I , SpayFw_SpayTuiTAController , loadTA()
2023-02-06 12:47:25.375 GMT+05:30 ,3313,3383, I , SpayFw_TAController , No need to load PIN random for TA TA - Technology = tee uuid = 00000000000000000000504159415554
2023-02-06 12:47:25.379 GMT+05:30 ,3313,3383, I , SpayFw_SpayTuiTAController , Calling loadPin()
2023-02-06 12:47:25.391 GMT+05:30 ,3313,3383, I , SpayFw_SpayTuiTAController , loadPin: Existing PIN len=4 ret=0
2023-02-06 12:47:25.391 GMT+05:30 ,3313,3383, I , SpayFw_SpayTuiTAController , Existing PIN len: 4  pin exist: true
2023-02-06 12:47:25.391 GMT+05:30 ,3313,3383, I , SpayFw_SpayTuiTAController , TUI MSG:  pay_auth:24530960
2023-02-06 12:47:25.460 GMT+05:30 ,3313,25607, I , SpayFw_TAController , TA MSG: cncc_pay:23929488
2023-02-06 12:47:25.465 GMT+05:30 ,3313,3383, I , SpayFw_TAController , TA is already loaded
2023-02-06 12:47:25.465 GMT+05:30 ,3313,3383, I , SpayFw_SpayTuiTAController , Ta is already loaded
2023-02-06 12:47:25.466 GMT+05:30 ,3313,25607, I , SpayFw_TAController , TA is already loaded
2023-02-06 12:47:25.475 GMT+05:30 ,3313,3383, E , SpayFw_Utils , isReadable /sys/class/mstldo/mst_drv/support exists: false
2023-02-06 12:47:25.475 GMT+05:30 ,3313,3383, E , SpayFw_Utils , readFromFile Failed isReadable : /sys/class/mstldo/mst_drv/support
2023-02-06 12:47:25.475 GMT+05:30 ,3313,3383, I , SpayFw_StateMachine , state has changed from NPAY_READY to NPAY_SELECTED
2023-02-06 12:47:25.894 GMT+05:30 ,3313,25607, I , SpayFw_PaymentFrameworkService , Entered method = getConfig
2023-02-06 12:47:25.895 GMT+05:30 ,3313,25607, W , SpayFw_PaymentFrameworkService , Does not support SEAMS so tries with SEAMSPolicy
2023-02-06 12:47:25.899 GMT+05:30 ,3313,25607, I , SpayFw_PaymentFrameworkService , Entered method = updateBinAttribute
2023-02-06 12:47:25.900 GMT+05:30 ,3313,25607, W , SpayFw_PaymentFrameworkService , Does not support SEAMS so tries with SEAMSPolicy
2023-02-06 12:47:25.903 GMT+05:30 ,3313,25607, I , SpayFw_BinAttributeManager , needUpdate. [LOCAL] version is empty
2023-02-06 12:47:28.914 GMT+05:30 ,3313,25607, I , SpayFw_PaymentFrameworkService , Entered method = clearCard
2023-02-06 12:47:28.915 GMT+05:30 ,3313,25607, W , SpayFw_PaymentFrameworkService , Does not support SEAMS so tries with SEAMSPolicy
2023-02-06 12:47:28.915 GMT+05:30 ,3313,3383, I , SpayFw_StateMachine , state has changed from NPAY_SELECTED to NPAY_READY
2023-02-06 12:47:28.916 GMT+05:30 ,3313,3383, I , SpayFw_SpayTuiTAController , Calling closeTui
2023-02-06 12:47:28.928 GMT+05:30 ,3313,3383, I , SpayFw_SpayTuiTAController , TUI: unloadTA
2023-02-06 12:47:29.099 GMT+05:30 ,3313,25607, I , SpayFw_PaymentFrameworkService , Entered method = getConfig
2023-02-06 12:47:29.100 GMT+05:30 ,3313,25607, W , SpayFw_PaymentFrameworkService , Does not support SEAMS so tries with SEAMSPolicy
2023-02-06 12:47:29.102 GMT+05:30 ,3313,25607, I , SpayFw_PaymentFrameworkService , Entered method = updateBinAttribute
2023-02-06 12:47:29.102 GMT+05:30 ,3313,25607, W , SpayFw_PaymentFrameworkService , Does not support SEAMS so tries with SEAMSPolicy
2023-02-06 12:47:29.105 GMT+05:30 ,3313,25607, I , SpayFw_BinAttributeManager , needUpdate. [LOCAL] version is empty
2023-02-06 12:48:59.916 GMT+05:30 ,3313,25607, I , SpayFw_SpayTuiTAController , loadTA()
2023-02-06 12:48:59.966 GMT+05:30 ,3313,25607, I , SpayFw_TAController , No need to load PIN random for TA TA - `
2023-02-06 12:48:59.967 GMT+05:30 ,3313,25607, I , SpayFw_SpayTuiTAController , Calling loadPin()
2023-02-06 12:48:59.975 GMT+05:30 ,3313,25607, I , SpayFw_SpayTuiTAController , loadPin: Existing PIN len=4 ret=0
2023-02-06 12:48:59.975 GMT+05:30 ,3313,25607, I , SpayFw_SpayTuiTAController , Existing PIN len: 4  pin exist: true
2023-02-06 12:48:59.975 GMT+05:30 ,3313,25607, I , SpayFw_SpayTuiTAController , TUI MSG:  pay_auth:24530960
2023-02-06 12:49:50.573 GMT+05:30 ,3313,3328, I , SpayFw_TAController , TA is already loaded
2023-02-06 12:49:50.594 GMT+05:30 ,3313,3328, I , SpayFw_TAController , TA is already loaded
2023-02-06 12:49:58.561 GMT+05:30 ,3313,3328, I , SpayFw_SpayTuiTAController , loadTA()
2023-02-06 12:49:58.561 GMT+05:30 ,3313,3328, I , SpayFw_TAController , TA is already loaded
2023-02-06 12:49:58.561 GMT+05:30 ,3313,3328, I , SpayFw_SpayTuiTAController , Calling loadPin()
2023-02-06 12:49:58.569 GMT+05:30 ,3313,3328, I , SpayFw_SpayTuiTAController , loadPin: Existing PIN len=4 ret=0
2023-02-06 12:49:58.569 GMT+05:30 ,3313,3328, I , SpayFw_SpayTuiTAController , Existing PIN len: 4  pin exist: true
2023-02-06 12:49:58.569 GMT+05:30 ,3313,3328, I , SpayFw_SpayTuiTAController , TUI MSG:  pay_auth:24530960
2023-02-06 12:52:45.361 GMT+05:30 ,3313,3328, I , SpayFw_SpayTuiTAController , loadTA()
2023-02-06 12:52:45.361 GMT+05:30 ,3313,3328, I , SpayFw_TAController , TA is already loaded
2023-02-06 12:52:45.361 GMT+05:30 ,3313,3328, I , SpayFw_SpayTuiTAController , Calling loadPin()
2023-02-06 12:52:45.368 GMT+05:30 ,3313,3328, I , SpayFw_SpayTuiTAController , loadPin: Existing PIN len=4 ret=0
2023-02-06 12:52:45.368 GMT+05:30 ,3313,3328, I , SpayFw_SpayTuiTAController , Existing PIN len: 4  pin exist: true
2023-02-06 12:52:45.368 GMT+05:30 ,3313,3328, I , SpayFw_SpayTuiTAController , TUI MSG:  pay_auth:24530960
2023-02-06 12:54:50.619 GMT+05:30 ,3313,26562, I , SpayFw_SPAY:CNCCTAController , CNCC: unloadTA
2023-02-06 12:58:50.413 GMT+05:30 ,3313,3328, I , SpayFw_TAController , TA MSG: cncc_pay:23929488
2023-02-06 12:58:50.421 GMT+05:30 ,3313,3328, I , SpayFw_TAController , TA is already loaded
2023-02-06 12:59:41.613 GMT+05:30 ,3313,3328, I , SpayFw_TAController , TA is already loaded
2023-02-06 12:59:41.638 GMT+05:30 ,3313,3328, I , SpayFw_TAController , TA is already loaded
2023-02-06 13:00:05.889 GMT+05:30 ,3313,3328, I , SpayFw_TAController , TA is already loaded
2023-02-06 13:00:05.896 GMT+05:30 ,3313,3328, I , SpayFw_TAController , TA is already loaded
2023-02-06 13:00:06.363 GMT+05:30 ,3313,3328, I , SpayFw_PaymentFrameworkService , Entered method = getConfig
2023-02-06 13:00:06.363 GMT+05:30 ,3313,3328, W , SpayFw_PaymentFrameworkService , Does not support SEAMS so tries with SEAMSPolicy
2023-02-06 13:00:06.368 GMT+05:30 ,3313,3328, I , SpayFw_PaymentFrameworkService , Entered method = updateBinAttribute
2023-02-06 13:00:06.369 GMT+05:30 ,3313,3328, W , SpayFw_PaymentFrameworkService , Does not support SEAMS so tries with SEAMSPolicy
2023-02-06 13:00:06.369 GMT+05:30 ,3313,3328, I , SpayFw_BinAttributeManager , needUpdate. [LOCAL] version is empty
2023-02-06 13:00:06.400 GMT+05:30 ,3313,3328, I , SpayFw_PaymentFrameworkService , Entered method = selectCard
2023-02-06 13:00:06.401 GMT+05:30 ,3313,3328, W , SpayFw_PaymentFrameworkService , Does not support SEAMS so tries with SEAMSPolicy
2023-02-06 13:00:06.406 GMT+05:30 ,3313,3383, W , SpayFw_PaymentFrameworkHandler , handleMessage: PAYFW_OPT_SELECT_CARD
2023-02-06 13:00:06.406 GMT+05:30 ,3313,3383, I , SpayFw_SpayTuiTAController , loadTA()
2023-02-06 13:00:06.407 GMT+05:30 ,3313,3383, I , SpayFw_TAController , TA is already loaded
2023-02-06 13:00:06.407 GMT+05:30 ,3313,3383, I , SpayFw_SpayTuiTAController , Calling loadPin()
2023-02-06 13:00:06.418 GMT+05:30 ,3313,3383, I , SpayFw_SpayTuiTAController , loadPin: Existing PIN len=4 ret=0
2023-02-06 13:00:06.419 GMT+05:30 ,3313,3383, I , SpayFw_SpayTuiTAController , Existing PIN len: 4  pin exist: true
2023-02-06 13:00:06.419 GMT+05:30 ,3313,3383, I , SpayFw_SpayTuiTAController , TUI MSG:  pay_auth:24530960
2023-02-06 13:00:06.421 GMT+05:30 ,3313,3383, I , SpayFw_TAController , TA is already loaded
2023-02-06 13:00:06.422 GMT+05:30 ,3313,3383, I , SpayFw_SpayTuiTAController , Ta is already loaded
2023-02-06 13:00:06.431 GMT+05:30 ,3313,3383, E , SpayFw_Utils , isReadable /sys/class/mstldo/mst_drv/support exists: false
2023-02-06 13:00:06.431 GMT+05:30 ,3313,3383, E , SpayFw_Utils , readFromFile Failed isReadable : /sys/class/mstldo/mst_drv/support
2023-02-06 13:00:06.431 GMT+05:30 ,3313,3383, I , SpayFw_StateMachine , state has changed from NPAY_READY to NPAY_SELECTED
2023-02-06 13:00:07.506 GMT+05:30 ,3313,3328, I , SpayFw_PaymentFrameworkService , Entered method = clearCard
2023-02-06 13:00:07.506 GMT+05:30 ,3313,3328, W , SpayFw_PaymentFrameworkService , Does not support SEAMS so tries with SEAMSPolicy
2023-02-06 13:00:07.507 GMT+05:30 ,3313,3383, I , SpayFw_StateMachine , state has changed from NPAY_SELECTED to NPAY_READY
2023-02-06 13:00:07.508 GMT+05:30 ,3313,3383, I , SpayFw_SpayTuiTAController , Calling closeTui
2023-02-06 13:00:07.515 GMT+05:30 ,3313,3383, I , SpayFw_SpayTuiTAController , TUI: unloadTA
2023-02-06 13:00:07.769 GMT+05:30 ,3313,3328, I , SpayFw_PaymentFrameworkService , Entered method = getConfig
2023-02-06 13:00:07.770 GMT+05:30 ,3313,3328, W , SpayFw_PaymentFrameworkService , Does not support SEAMS so tries with SEAMSPolicy
2023-02-06 13:00:07.773 GMT+05:30 ,3313,3328, I , SpayFw_PaymentFrameworkService , Entered method = updateBinAttribute
2023-02-06 13:00:07.773 GMT+05:30 ,3313,3328, W , SpayFw_PaymentFrameworkService , Does not support SEAMS so tries with SEAMSPolicy
2023-02-06 13:00:07.774 GMT+05:30 ,3313,3328, I , SpayFw_BinAttributeManager , needUpdate. [LOCAL] version is empty
2023-02-06 13:02:43.791 GMT+05:30 ,3313,3328, I , SpayFw_PaymentFrameworkService , Entered method = selectCard
2023-02-06 13:02:43.795 GMT+05:30 ,3313,3328, W , SpayFw_PaymentFrameworkService , Does not support SEAMS so tries with SEAMSPolicy
2023-02-06 13:02:43.800 GMT+05:30 ,3313,3383, W , SpayFw_PaymentFrameworkHandler , handleMessage: PAYFW_OPT_SELECT_CARD
2023-02-06 13:02:43.801 GMT+05:30 ,3313,3383, I , SpayFw_SpayTuiTAController , loadTA()
2023-02-06 13:02:43.890 GMT+05:30 ,3313,3383, I , SpayFw_TAController , No need to load PIN random for TA TA - Technology = tee uuid = 00000000000000000000504159415554
2023-02-06 13:02:43.892 GMT+05:30 ,3313,3383, I , SpayFw_SpayTuiTAController , Calling loadPin()
2023-02-06 13:02:43.908 GMT+05:30 ,3313,3383, I , SpayFw_SpayTuiTAController , loadPin: Existing PIN len=4 ret=0
2023-02-06 13:02:43.908 GMT+05:30 ,3313,3383, I , SpayFw_SpayTuiTAController , Existing PIN len: 4  pin exist: true
2023-02-06 13:02:43.908 GMT+05:30 ,3313,3383, I , SpayFw_SpayTuiTAController , TUI MSG:  pay_auth:24530960
2023-02-06 13:02:43.912 GMT+05:30 ,3313,3383, I , SpayFw_TAController , TA is already loaded
2023-02-06 13:02:43.912 GMT+05:30 ,3313,3383, I , SpayFw_SpayTuiTAController , Ta is already loaded
2023-02-06 13:02:43.926 GMT+05:30 ,3313,3383, E , SpayFw_Utils , isReadable /sys/class/mstldo/mst_drv/support exists: false
2023-02-06 13:02:43.926 GMT+05:30 ,3313,3383, E , SpayFw_Utils , readFromFile Failed isReadable : /sys/class/mstldo/mst_drv/support
2023-02-06 13:02:43.928 GMT+05:30 ,3313,3383, I , SpayFw_StateMachine , state has changed from NPAY_READY to NPAY_SELECTED
2023-02-06 13:02:45.884 GMT+05:30 ,3313,3328, I , SpayFw_PaymentFrameworkService , Entered method = clearCard
2023-02-06 13:02:45.884 GMT+05:30 ,3313,3328, W , SpayFw_PaymentFrameworkService , Does not support SEAMS so tries with SEAMSPolicy
2023-02-06 13:02:45.885 GMT+05:30 ,3313,3383, I , SpayFw_StateMachine , state has changed from NPAY_SELECTED to NPAY_READY
2023-02-06 13:02:45.886 GMT+05:30 ,3313,3383, I , SpayFw_SpayTuiTAController , Calling closeTui
2023-02-06 13:02:45.893 GMT+05:30 ,3313,3383, I , SpayFw_SpayTuiTAController , TUI: unloadTA
2023-02-06 13:02:53.013 GMT+05:30 ,3313,3328, I , SpayFw_PaymentFrameworkService , Entered method = selectCard
2023-02-06 13:02:53.013 GMT+05:30 ,3313,3328, W , SpayFw_PaymentFrameworkService , Does not support SEAMS so tries with SEAMSPolicy
2023-02-06 13:02:53.013 GMT+05:30 ,3313,3383, W , SpayFw_PaymentFrameworkHandler , handleMessage: PAYFW_OPT_SELECT_CARD
2023-02-06 13:02:53.013 GMT+05:30 ,3313,3383, I , SpayFw_SpayTuiTAController , loadTA()
2023-02-06 13:02:53.075 GMT+05:30 ,3313,3383, I , SpayFw_TAController , No need to load PIN random for TA TA - Technology = tee uuid = 00000000000000000000504159415554
2023-02-06 13:02:53.075 GMT+05:30 ,3313,3383, I , SpayFw_SpayTuiTAController , Calling loadPin()
2023-02-06 13:02:53.086 GMT+05:30 ,3313,3383, I , SpayFw_SpayTuiTAController , loadPin: Existing PIN len=4 ret=0
2023-02-06 13:02:53.087 GMT+05:30 ,3313,3383, I , SpayFw_SpayTuiTAController , Existing PIN len: 4  pin exist: true
2023-02-06 13:02:53.087 GMT+05:30 ,3313,3383, I , SpayFw_SpayTuiTAController , TUI MSG:  pay_auth:24530960
2023-02-06 13:02:53.088 GMT+05:30 ,3313,3383, I , SpayFw_TAController , TA is already loaded
2023-02-06 13:02:53.088 GMT+05:30 ,3313,3383, I , SpayFw_SpayTuiTAController , Ta is already loaded
2023-02-06 13:02:53.102 GMT+05:30 ,3313,3383, E , SpayFw_Utils , isReadable /sys/class/mstldo/mst_drv/support exists: false
2023-02-06 13:02:53.103 GMT+05:30 ,3313,3383, E , SpayFw_Utils , readFromFile Failed isReadable : /sys/class/mstldo/mst_drv/support
2023-02-06 13:02:53.103 GMT+05:30 ,3313,3383, I , SpayFw_StateMachine , state has changed from NPAY_READY to NPAY_SELECTED
2023-02-06 13:02:55.747 GMT+05:30 ,3313,3328, I , SpayFw_PaymentFrameworkService , Entered method = clearCard
2023-02-06 13:02:55.749 GMT+05:30 ,3313,3328, W , SpayFw_PaymentFrameworkService , Does not support SEAMS so tries with SEAMSPolicy
2023-02-06 13:02:55.754 GMT+05:30 ,3313,3383, I , SpayFw_StateMachine , state has changed from NPAY_SELECTED to NPAY_READY
2023-02-06 13:02:55.755 GMT+05:30 ,3313,3383, I , SpayFw_SpayTuiTAController , Calling closeTui
2023-02-06 13:02:55.763 GMT+05:30 ,3313,3383, I , SpayFw_SpayTuiTAController , TUI: unloadTA
2023-02-06 13:03:38.630 GMT+05:30 ,3313,3328, I , SpayFw_TAController , TA is already loaded
2023-02-06 13:03:38.640 GMT+05:30 ,3313,3328, I , SpayFw_TAController , TA is already loaded
2023-02-06 13:03:40.191 GMT+05:30 ,3313,3328, I , SpayFw_PaymentFrameworkService , Entered method = getConfig
2023-02-06 13:03:40.192 GMT+05:30 ,3313,3328, W , SpayFw_PaymentFrameworkService , Does not support SEAMS so tries with SEAMSPolicy
2023-02-06 13:03:40.196 GMT+05:30 ,3313,3328, I , SpayFw_PaymentFrameworkService , Entered method = updateBinAttribute
2023-02-06 13:03:40.197 GMT+05:30 ,3313,3328, W , SpayFw_PaymentFrameworkService , Does not support SEAMS so tries with SEAMSPolicy
2023-02-06 13:03:40.199 GMT+05:30 ,3313,3328, I , SpayFw_BinAttributeManager , needUpdate. [LOCAL] version is empty
2023-02-06 13:07:54.587 GMT+05:30 ,3313,3328, I , SpayFw_PaymentFrameworkService , Entered method = pfInitStatus
2023-02-06 13:07:54.588 GMT+05:30 ,3313,3328, W , SpayFw_PaymentFrameworkService , Does not support SEAMS so tries with SEAMSPolicy
2023-02-06 13:07:54.591 GMT+05:30 ,3313,3383, I , SpayFw_PaymentFrameworkHandler , callback ICommonCallback match !
2023-02-06 13:07:54.593 GMT+05:30 ,3313,3328, I , SpayFw_PaymentFrameworkService , Entered method = getConfig
2023-02-06 13:07:54.593 GMT+05:30 ,3313,3328, W , SpayFw_PaymentFrameworkService , Does not support SEAMS so tries with SEAMSPolicy
2023-02-06 13:08:38.642 GMT+05:30 ,3313,7560, I , SpayFw_SPAY:CNCCTAController , CNCC: unloadTA
2023-02-06 13:08:46.853 GMT+05:30 ,3313,3328, I , SpayFw_TAController , TA MSG: cncc_pay:23929488
2023-02-06 13:08:46.869 GMT+05:30 ,3313,3328, I , SpayFw_TAController , TA is already loaded
2023-02-06 13:13:46.896 GMT+05:30 ,3313,9862, I , SpayFw_SPAY:CNCCTAController , CNCC: unloadTA
2023-02-06 13:21:41.263 GMT+05:30 ,3313,3328, I , SpayFw_TAController , TA MSG: cncc_pay:23929488
2023-02-06 13:21:41.272 GMT+05:30 ,3313,3328, I , SpayFw_TAController , TA is already loaded
2023-02-06 13:21:42.822 GMT+05:30 ,3313,3328, I , SpayFw_PaymentFrameworkService , Entered method = getConfig
2023-02-06 13:21:42.823 GMT+05:30 ,3313,3328, W , SpayFw_PaymentFrameworkService , Does not support SEAMS so tries with SEAMSPolicy
2023-02-06 13:21:42.827 GMT+05:30 ,3313,3328, I , SpayFw_PaymentFrameworkService , Entered method = updateBinAttribute
2023-02-06 13:21:42.828 GMT+05:30 ,3313,3328, W , SpayFw_PaymentFrameworkService , Does not support SEAMS so tries with SEAMSPolicy
2023-02-06 13:21:42.830 GMT+05:30 ,3313,3328, I , SpayFw_BinAttributeManager , needUpdate. [LOCAL] version is empty
2023-02-06 13:21:55.224 GMT+05:30 ,3313,3328, E , SpayFw_AuthFrameworkService , DeathRecipient: Error: Wallet App died
2023-02-06 13:21:55.225 GMT+05:30 ,3313,3328, I , SpayFw_StateMachine , state has changed from NPAY_READY to NPAY_READY
2023-02-06 13:21:55.225 GMT+05:30 ,3313,3327, E , SpayFw_PaymentFrameworkService , DeathRecipient: Error: Wallet App died
2023-02-06 13:21:55.225 GMT+05:30 ,3313,3327, I , SpayFw_StateMachine , state has changed from NPAY_READY to NPAY_READY
2023-02-06 13:21:55.225 GMT+05:30 ,3313,3328, I , SpayFw_SPAY:AuthFramework , tppUnLoad(): 
2023-02-06 13:21:55.225 GMT+05:30 ,3313,3328, I , SpayFw_SpayTuiTAController , Calling closeTui
2023-02-06 13:21:55.225 GMT+05:30 ,3313,3328, E , SpayFw_TAController , TA has to be loaded before calling executeNoLoad
2023-02-06 13:21:55.225 GMT+05:30 ,3313,3328, E , SpayFw_SpayTuiTAControllerUtils , Error: load_and_execute failed
2023-02-06 13:21:55.225 GMT+05:30 ,3313,3328, I , SpayFw_SpayTuiTAController , TUI: unloadTA
2023-02-06 13:21:55.226 GMT+05:30 ,3313,3328, E , SpayFw_TAController , TA is never loaded. Unload is noop
2023-02-06 13:21:55.228 GMT+05:30 ,3313,3327, I , SpayFw_StateMachine , state has changed from NPAY_READY to NPAY_READY
2023-02-06 13:21:56.777 GMT+05:30 ,3313,3313, I , SpayFw_AuthFrameworkService , startTuiService
2023-02-06 13:21:56.778 GMT+05:30 ,3313,3313, I , SpayFw_AuthFrameworkService , return auth binder
2023-02-06 13:21:56.809 GMT+05:30 ,3313,21465, I , SpayFw_PaymentFrameworkService , Entered method = pfInitStatus
2023-02-06 13:21:56.810 GMT+05:30 ,3313,3327, I , SpayFw_PaymentFrameworkService , Entered method = pfInitStatus
2023-02-06 13:21:56.810 GMT+05:30 ,3313,3327, W , SpayFw_PaymentFrameworkService , Does not support SEAMS so tries with SEAMSPolicy
2023-02-06 13:21:56.811 GMT+05:30 ,3313,3383, I , SpayFw_PaymentFrameworkHandler , callback ICommonCallback match !
2023-02-06 13:21:56.813 GMT+05:30 ,3313,21465, W , SpayFw_PaymentFrameworkService , Does not support SEAMS so tries with SEAMSPolicy
2023-02-06 13:21:56.813 GMT+05:30 ,3313,3327, W , SpayFw_PaymentFrameworkService , Does not support SEAMS so tries with SEAMSPolicy
2023-02-06 13:21:56.813 GMT+05:30 ,3313,3383, I , SpayFw_PaymentFrameworkHandler , callback ICommonCallback match !
2023-02-06 13:21:56.818 GMT+05:30 ,3313,3327, I , SpayFw_PaymentFrameworkService , Entered method = getConfig
2023-02-06 13:21:56.818 GMT+05:30 ,3313,3327, W , SpayFw_PaymentFrameworkService , Does not support SEAMS so tries with SEAMSPolicy
2023-02-06 13:21:56.820 GMT+05:30 ,3313,3327, I , SpayFw_PaymentFrameworkService , Entered method = getAllTokenState
2023-02-06 13:21:56.821 GMT+05:30 ,3313,3327, W , SpayFw_PaymentFrameworkService , Does not support SEAMS so tries with SEAMSPolicy
